,max_drawdown
sim_1,-0.3171168353054411
sim_2,-0.13693793056389547
sim_3,-0.3389266655830693
sim_4,-0.25928448830985884
sim_5,-0.12879742529232863
sim_6,-0.15556669311057847
sim_7,-0.15843830801861158
sim_8,-0.30842507828205945
sim_9,-0.2452338388954568
sim_10,-0.2099161146034857
sim_11,-0.2919650850177833
sim_12,-0.3951813876289172
sim_13,-0.2461131493496289
sim_14,-0.16634186858075162
sim_15,-0.22688934151805662
sim_16,-0.3163376421731836
sim_17,-0.19530610020708916
sim_18,-0.17742613045227618
sim_19,-0.28637115935065427
sim_20,-0.3413945157588031
sim_21,-0.19103319801311025
sim_22,-0.19705788032427163
sim_23,-0.20980765576075067
sim_24,-0.27578054863737245
sim_25,-0.09564574757924649
sim_26,-0.31463347911341655
sim_27,-0.1281101001132332
sim_28,-0.15668940895889183
sim_29,-0.21847862726890832
sim_30,-0.14801758359610673
sim_31,-0.13278967225285265
sim_32,-0.2926453270536761
sim_33,-0.4048709981642562
sim_34,-0.20055774236590795
sim_35,-0.26604132571744443
sim_36,-0.14945130771109916
sim_37,-0.3822947935863007
sim_38,-0.33286478628657923
sim_39,-0.22859793095459713
sim_40,-0.20653643724462678
sim_41,-0.6265149389886575
sim_42,-0.2837625436386899
sim_43,-0.3491838830531723
sim_44,-0.2970248205544017
sim_45,-0.46515898432868663
sim_46,-0.2116487729177554
sim_47,-0.2334912107815762
sim_48,-0.13588419503956028
sim_49,-0.20301006423338896
sim_50,-0.4193736002339358
sim_51,-0.3152134687537509
sim_52,-0.27596257548151726
sim_53,-0.21994738725959762
sim_54,-0.16265120494861984
sim_55,-0.23647639752283134
sim_56,-0.3142261509106764
sim_57,-0.1754181008764064
sim_58,-0.2810079057380571
sim_59,-0.2136432568142379
sim_60,-0.2073410280673027
sim_61,-0.16729107241874308
sim_62,-0.20232012491960072
sim_63,-0.22189034612711112
sim_64,-0.18797280297117946
sim_65,-0.2210083104573224
sim_66,-0.14415909739019583
sim_67,-0.15610996738496785
sim_68,-0.22547601802502315
sim_69,-0.25171623464517534
sim_70,-0.2452172093786612
sim_71,-0.433998489287
sim_72,-0.41858271827269766
sim_73,-0.23393629151832707
sim_74,-0.22683429261286914
sim_75,-0.22800745866471916
sim_76,-0.6099314631960142
sim_77,-0.23328043041353252
sim_78,-0.15404418095079508
sim_79,-0.25434416746455035
sim_80,-0.21410606858518155
sim_81,-0.24961427131894875
sim_82,-0.2108182838506114
sim_83,-0.2733604746329169
sim_84,-0.2629362613315762
sim_85,-0.1986579945081547
sim_86,-0.11389379056731563
sim_87,-0.38167888126818583
sim_88,-0.13407861740893523
sim_89,-0.13946956133443078
sim_90,-0.46777278259596466
sim_91,-0.4898959457340105
sim_92,-0.18995834353269525
sim_93,-0.3162479576455295
sim_94,-0.10569272766314342
sim_95,-0.46218417798886124
sim_96,-0.3144273517633842
sim_97,-0.2990770595001384
sim_98,-0.2834001742681822
sim_99,-0.6270349049927122
sim_100,-0.3445284454516401
sim_101,-0.19462720549655965
sim_102,-0.41312912069433383
sim_103,-0.2765678235490451
sim_104,-0.33520944388371765
sim_105,-0.2694363433640993
sim_106,-0.2072616996605292
sim_107,-0.3397144332075984
sim_108,-0.44613595384973825
sim_109,-0.19471315342293616
sim_110,-0.37801250670520625
sim_111,-0.3497897089215888
sim_112,-0.1751214449208487
sim_113,-0.3513147303630457
sim_114,-0.2607458213637085
sim_115,-0.21955505282004062
sim_116,-0.2514080665630912
sim_117,-0.2208661947630074
sim_118,-0.18056741452361558
sim_119,-0.2971121681558577
sim_120,-0.1891420239041821
sim_121,-0.45082778574736304
sim_122,-0.2811691067379948
sim_123,-0.2885041877773562
sim_124,-0.16057101905656368
sim_125,-0.5033795542127169
sim_126,-0.3691592853796858
sim_127,-0.24315041859655173
sim_128,-0.12618472255379076
sim_129,-0.2629201175479271
sim_130,-0.27351412391830665
sim_131,-0.25609480055811507
sim_132,-0.14545980355651822
sim_133,-0.22703966516685192
sim_134,-0.231710006957068
sim_135,-0.30659853117142866
sim_136,-0.38839539298179016
sim_137,-0.1685025701900721
sim_138,-0.1438210316752172
sim_139,-0.24746269858168402
sim_140,-0.2761404043205117
sim_141,-0.3422938054351189
sim_142,-0.3452321435882988
sim_143,-0.1914100316460544
sim_144,-0.3389553060328131
sim_145,-0.4828322529554515
sim_146,-0.33218479261562006
sim_147,-0.1954834008269588
sim_148,-0.3930760840679438
sim_149,-0.15393775472315296
sim_150,-0.18945610744065267
sim_151,-0.38912302144809285
sim_152,-0.25158231309085755
sim_153,-0.2424932648311764
sim_154,-0.20788267136591632
sim_155,-0.1432381296695493
sim_156,-0.16119275250348952
sim_157,-0.2142293436287771
sim_158,-0.316674352136769
sim_159,-0.2861726284035583
sim_160,-0.14684249858351195
sim_161,-0.2518755279538909
sim_162,-0.18264372911892945
sim_163,-0.24065832395147713
sim_164,-0.2788792806863264
sim_165,-0.17657449895899813
sim_166,-0.2714301133873892
sim_167,-0.2092026586171779
sim_168,-0.3627635632764281
sim_169,-0.26738658044942754
sim_170,-0.23191426492281864
sim_171,-0.2125520308307085
sim_172,-0.2764122455595662
sim_173,-0.18981729481942822
sim_174,-0.21124369395336762
sim_175,-0.22529916630358993
sim_176,-0.1713906625277294
sim_177,-0.17905771643429103
sim_178,-0.5023389634606306
sim_179,-0.2977101106028589
sim_180,-0.1867661783649036
sim_181,-0.2220929649135287
sim_182,-0.2992317131879427
sim_183,-0.18663819756345634
sim_184,-0.21319699759536337
sim_185,-0.416947100946952
sim_186,-0.18334165252055656
sim_187,-0.21241894660104566
sim_188,-0.319238905147603
sim_189,-0.32285170571970234
sim_190,-0.1586397402471329
sim_191,-0.253181859672321
sim_192,-0.22155279349449097
sim_193,-0.16785972335685084
sim_194,-0.21632300782139557
sim_195,-0.25601503333526343
sim_196,-0.23006109743880276
sim_197,-0.15525574698455558
sim_198,-0.36731999936293336
sim_199,-0.19328103509669026
sim_200,-0.17935697619434765
sim_201,-0.27664386771637217
sim_202,-0.22471594012788876
sim_203,-0.2277613562402464
sim_204,-0.33605444728225176
sim_205,-0.3387995133627304
sim_206,-0.23320590090367777
sim_207,-0.20963285184845304
sim_208,-0.18106627333292113
sim_209,-0.26418713896534207
sim_210,-0.1847114287096554
sim_211,-0.18419493352523486
sim_212,-0.3481190898886567
sim_213,-0.25256326203515234
sim_214,-0.4429058229216455
sim_215,-0.3001480543722673
sim_216,-0.2876799398741572
sim_217,-0.11253303298353579
sim_218,-0.2273451070610617
sim_219,-0.25696546911441764
sim_220,-0.24696996087685952
sim_221,-0.2779346487574217
sim_222,-0.29426293585829255
sim_223,-0.17022733498885323
sim_224,-0.24808882650810937
sim_225,-0.2990136108032053
sim_226,-0.21597896851188325
sim_227,-0.28711465858340635
sim_228,-0.3418194024875256
sim_229,-0.45341836066990293
sim_230,-0.1635299936377026
sim_231,-0.1527476570488353
sim_232,-0.3195578526934708
sim_233,-0.22769634219878743
sim_234,-0.2051056380468167
sim_235,-0.25409093704816577
sim_236,-0.2074826164433985
sim_237,-0.20252821083047412
sim_238,-0.24360092558755286
sim_239,-0.21571445157960123
sim_240,-0.22599675553591703
sim_241,-0.14289840642121399
sim_242,-0.5217883496374713
sim_243,-0.25140569199369955
sim_244,-0.23990628666679348
sim_245,-0.1657434470461875
sim_246,-0.3405763712928125
sim_247,-0.12517761835890218
sim_248,-0.17503985544804213
sim_249,-0.2381510405512749
sim_250,-0.1250394044897779
sim_251,-0.3266859389431971
sim_252,-0.20390383254942746
sim_253,-0.272984247852047
sim_254,-0.26760268065374904
sim_255,-0.16670448651227254
sim_256,-0.14503775381598416
sim_257,-0.16416566971116253
sim_258,-0.1274983772020266
sim_259,-0.260706260630837
sim_260,-0.3063008811423362
sim_261,-0.16122306433721711
sim_262,-0.45594902667301396
sim_263,-0.30336354352247596
sim_264,-0.17590977313116085
sim_265,-0.18347794045826138
sim_266,-0.19682944341290065
sim_267,-0.20338658656561825
sim_268,-0.139689625328133
sim_269,-0.3678645109546206
sim_270,-0.17226898500048904
sim_271,-0.3307071064614785
sim_272,-0.37405195933241253
sim_273,-0.3294444945560224
sim_274,-0.20180119805348284
sim_275,-0.14377637654838216
sim_276,-0.32815719745529914
sim_277,-0.4623299352864829
sim_278,-0.29059092928001207
sim_279,-0.1544241923353371
sim_280,-0.1685449969432825
sim_281,-0.12424498664480832
sim_282,-0.20889672895635436
sim_283,-0.2461875372321165
sim_284,-0.38491218941310423
sim_285,-0.41180485334559225
sim_286,-0.21518968081538048
sim_287,-0.2636908732894635
sim_288,-0.2870249236518565
sim_289,-0.2064903603194772
sim_290,-0.3703131513065826
sim_291,-0.2587613145480352
sim_292,-0.21139126077309367
sim_293,-0.24868897050410432
sim_294,-0.32140804146706003
sim_295,-0.1670697291648232
sim_296,-0.12260417735204443
sim_297,-0.22583407233510022
sim_298,-0.24654185104210924
sim_299,-0.5040695213858958
sim_300,-0.33219471442406845
sim_301,-0.3794915265047043
sim_302,-0.22163217140201097
sim_303,-0.23526895367429002
sim_304,-0.2114703279262412
sim_305,-0.29442930468991346
sim_306,-0.2785994561380848
sim_307,-0.15233187656967118
sim_308,-0.2237709268963678
sim_309,-0.41692356084683746
sim_310,-0.29384447287710447
sim_311,-0.2454112879921997
sim_312,-0.28213654823584633
sim_313,-0.33355550069990636
sim_314,-0.32155345440975436
sim_315,-0.27433377068182796
sim_316,-0.41839609222218854
sim_317,-0.24081021513070178
sim_318,-0.25007444820658264
sim_319,-0.27257215259108314
sim_320,-0.1554054227543522
sim_321,-0.24471806725056877
sim_322,-0.1424661242742451
sim_323,-0.1766474632344882
sim_324,-0.35519839047645296
sim_325,-0.41273817756021425
sim_326,-0.23213731265232318
sim_327,-0.22340948154204499
sim_328,-0.3425905444410736
sim_329,-0.253976265628446
sim_330,-0.2932551586784159
sim_331,-0.21797274423347823
sim_332,-0.2495259738740374
sim_333,-0.32011091579671114
sim_334,-0.19671073300442254
sim_335,-0.3282459879689744
sim_336,-0.4528100962823278
sim_337,-0.27065866863525967
sim_338,-0.36837540621343734
sim_339,-0.20512576653903247
sim_340,-0.17185530564670404
sim_341,-0.12690299531991234
sim_342,-0.2415767621412238
sim_343,-0.2743340729254363
sim_344,-0.2273675894210142
sim_345,-0.42388124814244765
sim_346,-0.37372076265161636
sim_347,-0.23302950638053543
sim_348,-0.2367218904271322
sim_349,-0.26900786741177884
sim_350,-0.27347400343028394
sim_351,-0.18621342841842037
sim_352,-0.31778009632730697
sim_353,-0.21444648672626687
sim_354,-0.17905987833906667
sim_355,-0.37944941067648963
sim_356,-0.19196310797362603
sim_357,-0.22640421910636022
sim_358,-0.13885661065209087
sim_359,-0.2811381579993055
sim_360,-0.145281155471369
sim_361,-0.27050016119630604
sim_362,-0.2721093806314858
sim_363,-0.36425000195755675
sim_364,-0.47748156196895386
sim_365,-0.19830745017254758
sim_366,-0.28428064841188305
sim_367,-0.2010938248926637
sim_368,-0.20700402893973802
sim_369,-0.13610003216902555
sim_370,-0.38320395902413495
sim_371,-0.13267476983650994
sim_372,-0.2166087660240703
sim_373,-0.11673893242159594
sim_374,-0.25786737992102937
sim_375,-0.13775820187368049
sim_376,-0.34007035663868423
sim_377,-0.22933150878357955
sim_378,-0.18907824814750496
sim_379,-0.17226493622989247
sim_380,-0.23480878018722806
sim_381,-0.3645460110148394
sim_382,-0.2980954379920092
sim_383,-0.13710269896546812
sim_384,-0.10685364800580188
sim_385,-0.14400067106011394
sim_386,-0.15621222871196538
sim_387,-0.27572700748258594
sim_388,-0.27430864173337777
sim_389,-0.3861441939213003
sim_390,-0.22185623399848398
sim_391,-0.2819721363174418
sim_392,-0.25742634179555623
sim_393,-0.20907192029078703
sim_394,-0.09991320295706985
sim_395,-0.1846477760749342
sim_396,-0.1650923233743543
sim_397,-0.19857654866314212
sim_398,-0.39053592003123905
sim_399,-0.30948654353410576
sim_400,-0.2164298024690099
sim_401,-0.4770199253524321
sim_402,-0.18677251903873715
sim_403,-0.22018323940330298
sim_404,-0.23863745681718818
sim_405,-0.19506387587841922
sim_406,-0.1921707205460964
sim_407,-0.22126166377011625
sim_408,-0.27603732541145565
sim_409,-0.2316104802941893
sim_410,-0.21673488868711321
sim_411,-0.20357293259716158
sim_412,-0.17842901212554907
sim_413,-0.3833861003369693
sim_414,-0.26397711437461857
sim_415,-0.17157811780125187
sim_416,-0.45324716633998496
sim_417,-0.21821296017347114
sim_418,-0.12720505631526924
sim_419,-0.2413974140047659
sim_420,-0.1545186784157504
sim_421,-0.42690742297916595
sim_422,-0.1836358817173881
sim_423,-0.20165444366171892
sim_424,-0.24907161974503922
sim_425,-0.15063028976339587
sim_426,-0.29161929841102163
sim_427,-0.2538598466158962
sim_428,-0.10742842913561845
sim_429,-0.1522920160667569
sim_430,-0.1442354436087756
sim_431,-0.3361372339914753
sim_432,-0.2728456453581075
sim_433,-0.25148839271865775
sim_434,-0.15093135734643304
sim_435,-0.18674877686487434
sim_436,-0.30328639015613446
sim_437,-0.21895918705183925
sim_438,-0.2656469332603163
sim_439,-0.16965709058428746
sim_440,-0.245535546751121
sim_441,-0.3629152278532116
sim_442,-0.2265661507664014
sim_443,-0.37719535179170105
sim_444,-0.19702870959720709
sim_445,-0.247509835607013
sim_446,-0.28328287546306585
sim_447,-0.19323751195812955
sim_448,-0.2992584505865057
sim_449,-0.2021253412496311
sim_450,-0.2239902826222846
sim_451,-0.4118929222385058
sim_452,-0.1904533930603869
sim_453,-0.2141684945737089
sim_454,-0.18889429882638342
sim_455,-0.2148306718500379
sim_456,-0.21761589211646648
sim_457,-0.20136881957512165
sim_458,-0.15356955789014115
sim_459,-0.235065470813421
sim_460,-0.20307848214908597
sim_461,-0.1682681149879437
sim_462,-0.17278484889110668
sim_463,-0.3763835782251881
sim_464,-0.1877110768302891
sim_465,-0.4778661644020398
sim_466,-0.2703558299566141
sim_467,-0.26251683311522445
sim_468,-0.2673594147148456
sim_469,-0.18823442484795838
sim_470,-0.2903859356607713
sim_471,-0.2676644249898906
sim_472,-0.14322249398492104
sim_473,-0.1687402202511199
sim_474,-0.14772688276846846
sim_475,-0.1255929595247367
sim_476,-0.38234201082446073
sim_477,-0.21155026874925742
sim_478,-0.30577153674965174
sim_479,-0.1407516036082429
sim_480,-0.15578829109515813
sim_481,-0.16709800144545905
sim_482,-0.26368864647335555
sim_483,-0.24392688690527864
sim_484,-0.2167737709309232
sim_485,-0.1568810691923972
sim_486,-0.29036418505566275
sim_487,-0.22994705564019868
sim_488,-0.21874202059197811
sim_489,-0.12607802587455286
sim_490,-0.16793683139794524
sim_491,-0.28930926336106266
sim_492,-0.1401922581599102
sim_493,-0.31744313650280687
sim_494,-0.2675624613967331
sim_495,-0.3052564685828747
sim_496,-0.23664217214838745
sim_497,-0.2224962857582421
sim_498,-0.22493923180635833
sim_499,-0.15288803354867964
sim_500,-0.21107437230576986
sim_501,-0.2665313899501265
sim_502,-0.2160319166454484
sim_503,-0.25634722353198003
sim_504,-0.31814128110917084
sim_505,-0.35224039333869595
sim_506,-0.29994911973326566
sim_507,-0.2641003720563194
sim_508,-0.1813753413264383
sim_509,-0.1636534651998688
sim_510,-0.2592205089192251
sim_511,-0.18719647660961014
sim_512,-0.37965776699415066
sim_513,-0.12119692902324353
sim_514,-0.27890570092358324
sim_515,-0.18313560347272184
sim_516,-0.19771043775693975
sim_517,-0.1568780808596273
sim_518,-0.1397828221761651
sim_519,-0.2095306432132944
sim_520,-0.2775093626346088
sim_521,-0.3001135650194403
sim_522,-0.22545014583928602
sim_523,-0.1796693578462234
sim_524,-0.2060944861470061
sim_525,-0.37147063465519714
sim_526,-0.13578702805217824
sim_527,-0.19243403214565968
sim_528,-0.1307859168631631
sim_529,-0.30694107033373463
sim_530,-0.3139550880473472
sim_531,-0.32842744725613315
sim_532,-0.3174627267914958
sim_533,-0.26555368397412327
sim_534,-0.352041379869648
sim_535,-0.16820733342445982
sim_536,-0.29577275074492804
sim_537,-0.2712808538084591
sim_538,-0.1935275861875002
sim_539,-0.43906794666511384
sim_540,-0.1755187250106559
sim_541,-0.19357021580277411
sim_542,-0.1568852220564857
sim_543,-0.16521893949994004
sim_544,-0.22214505006660257
sim_545,-0.11482328603103253
sim_546,-0.19209007487090257
sim_547,-0.15924610180273935
sim_548,-0.12752284791283586
sim_549,-0.30213839924365327
sim_550,-0.23277046032179127
sim_551,-0.49789036492638117
sim_552,-0.20243558222051194
sim_553,-0.3145860755618627
sim_554,-0.18068077245800584
sim_555,-0.35231024616976647
sim_556,-0.22707565845722755
sim_557,-0.22016277347145574
sim_558,-0.11384026661575652
sim_559,-0.43770637909043386
sim_560,-0.23646209927106898
sim_561,-0.219525392742852
sim_562,-0.3580802213475942
sim_563,-0.22714104638161192
sim_564,-0.15539169349246584
sim_565,-0.5097303767525541
sim_566,-0.5129981221984421
sim_567,-0.20975129482081478
sim_568,-0.1798974809391476
sim_569,-0.20490685865773983
sim_570,-0.22060665982950434
sim_571,-0.1602686070547198
sim_572,-0.35799517414993387
sim_573,-0.2841528866193167
sim_574,-0.23482938976706347
sim_575,-0.26956981959936466
sim_576,-0.49881247496942727
sim_577,-0.28619079603035125
sim_578,-0.532206591821738
sim_579,-0.21439646134862655
sim_580,-0.24980109984103493
sim_581,-0.264817153978266
sim_582,-0.24098897812898756
sim_583,-0.2739304542713602
sim_584,-0.2572964145487219
sim_585,-0.2113683800468279
sim_586,-0.08439219619936755
sim_587,-0.2515501912962884
sim_588,-0.2500289485301317
sim_589,-0.2465457899161455
sim_590,-0.24461774207880949
sim_591,-0.46440752552487463
sim_592,-0.18309363568557524
sim_593,-0.30312441810412294
sim_594,-0.1294803975561768
sim_595,-0.24360846526677427
sim_596,-0.34919032352387525
sim_597,-0.38927760388860244
sim_598,-0.3667497558512559
sim_599,-0.31499959500521246
sim_600,-0.2222859352454598
sim_601,-0.2517161867266162
sim_602,-0.3472798911599637
sim_603,-0.3449620590005501
sim_604,-0.27287821945406976
sim_605,-0.4226330690449709
sim_606,-0.2497732681479634
sim_607,-0.15837026337340177
sim_608,-0.21818282601560723
sim_609,-0.315180826568084
sim_610,-0.2892864501530026
sim_611,-0.33012560940577695
sim_612,-0.2870024660681477
sim_613,-0.3952523567049897
sim_614,-0.1456200992390232
sim_615,-0.3647182299439369
sim_616,-0.2907635794770931
sim_617,-0.23856860078138442
sim_618,-0.2021225125311873
sim_619,-0.292962669382143
sim_620,-0.374934551237888
sim_621,-0.2094037397431765
sim_622,-0.27334722548192014
sim_623,-0.31308433049874107
sim_624,-0.20014865469707444
sim_625,-0.21146476157796945
sim_626,-0.21424110399407692
sim_627,-0.19820545589606953
sim_628,-0.16110516474858505
sim_629,-0.1652485676467459
sim_630,-0.19512644165879156
sim_631,-0.3558846237638663
sim_632,-0.5165637673889343
sim_633,-0.2024924315500064
sim_634,-0.2561887107826011
sim_635,-0.20408378111624081
sim_636,-0.3905806424365116
sim_637,-0.33829841301262453
sim_638,-0.48870381305562627
sim_639,-0.37510755280807895
sim_640,-0.23839864865333538
sim_641,-0.14143141915784663
sim_642,-0.19176814091617211
sim_643,-0.2783485038198943
sim_644,-0.26041430845334435
sim_645,-0.23424567869252222
sim_646,-0.23994392166945622
sim_647,-0.22726240944436837
sim_648,-0.3245618363200956
sim_649,-0.4181516006211585
sim_650,-0.3950204252757282
sim_651,-0.20788304866644403
sim_652,-0.15705693793941033
sim_653,-0.20182186686834958
sim_654,-0.1953535873598592
sim_655,-0.1365836325603439
sim_656,-0.36867500823300225
sim_657,-0.28033289163582664
sim_658,-0.28402802234511626
sim_659,-0.24036696224911291
sim_660,-0.25683001491270396
sim_661,-0.14328363207908756
sim_662,-0.19497484509461915
sim_663,-0.37213011217575176
sim_664,-0.2966219758079114
sim_665,-0.293692660750165
sim_666,-0.2748479666015281
sim_667,-0.1360365640254383
sim_668,-0.21827469309826852
sim_669,-0.13482773610094667
sim_670,-0.15624239121397354
sim_671,-0.16163290120687435
sim_672,-0.19238818793726842
sim_673,-0.1572093359741632
sim_674,-0.1812162431767238
sim_675,-0.29644722665374446
sim_676,-0.18275543737773603
sim_677,-0.3107776446212519
sim_678,-0.2593071425630308
sim_679,-0.16271887262301232
sim_680,-0.2397741163037348
sim_681,-0.21203084966268348
sim_682,-0.22707489474556608
sim_683,-0.25646356028938955
sim_684,-0.24600972135456234
sim_685,-0.18423063835686238
sim_686,-0.20521516487602742
sim_687,-0.1950604681209991
sim_688,-0.24232584967494764
sim_689,-0.3129386791108486
sim_690,-0.19223476004265794
sim_691,-0.23249866557216103
sim_692,-0.290681133528525
sim_693,-0.4508979687615201
sim_694,-0.1968914334771803
sim_695,-0.26468469681961815
sim_696,-0.2363792023508916
sim_697,-0.1378007823320193
sim_698,-0.23048148201204066
sim_699,-0.22350432899224926
sim_700,-0.28349768498729666
sim_701,-0.35969348154722824
sim_702,-0.29592582903686704
sim_703,-0.25812506242634115
sim_704,-0.13168803171496357
sim_705,-0.33437022673226624
sim_706,-0.37668056889008694
sim_707,-0.21012070152477125
sim_708,-0.1630959836672824
sim_709,-0.22169237096864292
sim_710,-0.3356058407021958
sim_711,-0.1567384986875675
sim_712,-0.2810863351496552
sim_713,-0.22953566089099775
sim_714,-0.13941974175712513
sim_715,-0.21652044073067234
sim_716,-0.1365053366564679
sim_717,-0.16141551300499457
sim_718,-0.1510217891181822
sim_719,-0.19723855382542888
sim_720,-0.16199825133271673
sim_721,-0.18873293847991546
sim_722,-0.19179859930236043
sim_723,-0.26836496211568395
sim_724,-0.17637073847642804
sim_725,-0.34794593521515715
sim_726,-0.2761802754109959
sim_727,-0.21383380833887977
sim_728,-0.215527938103649
sim_729,-0.12786989027380824
sim_730,-0.4976871636654048
sim_731,-0.13574210074835436
sim_732,-0.20225648871588164
sim_733,-0.3300963220907285
sim_734,-0.26407486243508693
sim_735,-0.2274754232199132
sim_736,-0.13567681358237005
sim_737,-0.2763587307479157
sim_738,-0.23319580593125255
sim_739,-0.19659239132777107
sim_740,-0.380199103267271
sim_741,-0.2991044306670698
sim_742,-0.2271546514391105
sim_743,-0.14320647434441414
sim_744,-0.2028149750969187
sim_745,-0.18360579943541144
sim_746,-0.2032320485804332
sim_747,-0.2416883581771323
sim_748,-0.20399244002083672
sim_749,-0.1800641493883124
sim_750,-0.20032224293519973
sim_751,-0.16605650314226428
sim_752,-0.2320860690975144
sim_753,-0.20615143474614683
sim_754,-0.18098657728464096
sim_755,-0.15785794066317516
sim_756,-0.2924429062731707
sim_757,-0.20745039863404957
sim_758,-0.15547603418146128
sim_759,-0.1597778494048302
sim_760,-0.1601821651669728
sim_761,-0.12503989540629346
sim_762,-0.19998480020704223
sim_763,-0.29036941144707884
sim_764,-0.19014732473534945
sim_765,-0.2708279362820233
sim_766,-0.3242626301110417
sim_767,-0.3386905088452814
sim_768,-0.2585405211866201
sim_769,-0.27511865779342337
sim_770,-0.19367295058406075
sim_771,-0.2258951024521696
sim_772,-0.24327077524485707
sim_773,-0.17645100085496124
sim_774,-0.3061880807565819
sim_775,-0.3773062065677453
sim_776,-0.3303518500616207
sim_777,-0.18450980437076625
sim_778,-0.1362914641360362
sim_779,-0.25264433213605475
sim_780,-0.2283347080662571
sim_781,-0.23174585286221705
sim_782,-0.09517902158488989
sim_783,-0.16857836891386535
sim_784,-0.26788318757504737
sim_785,-0.21178634187093603
sim_786,-0.270870054053574
sim_787,-0.15445716436414436
sim_788,-0.2138846882720009
sim_789,-0.29707410784492516
sim_790,-0.13377334074427283
sim_791,-0.2398761299062181
sim_792,-0.23652956588838814
sim_793,-0.3006321568401952
sim_794,-0.36082257594168676
sim_795,-0.21658574319393475
sim_796,-0.23746322758135507
sim_797,-0.15120613758862345
sim_798,-0.1305284601769704
sim_799,-0.18364337724340873
sim_800,-0.20601358409172887
sim_801,-0.19273695137963753
sim_802,-0.32636553043054917
sim_803,-0.15930091654202028
sim_804,-0.14563304633924756
sim_805,-0.1989561505788433
sim_806,-0.23838779992817993
sim_807,-0.25483132129739994
sim_808,-0.17463314159119936
sim_809,-0.22208204342232174
sim_810,-0.14877447917559405
sim_811,-0.33665211064705547
sim_812,-0.3575408643599931
sim_813,-0.3074381362626304
sim_814,-0.3127345218313399
sim_815,-0.2537825639954626
sim_816,-0.21557773851280626
sim_817,-0.36027494126506154
sim_818,-0.2221999684437046
sim_819,-0.15163059172346605
sim_820,-0.3074710509224937
sim_821,-0.13023213745360807
sim_822,-0.13762723793170928
sim_823,-0.44676650848410426
sim_824,-0.1896050488951273
sim_825,-0.3540933143897067
sim_826,-0.40791812083631007
sim_827,-0.22793551316610183
sim_828,-0.4937149238057238
sim_829,-0.17597993072420104
sim_830,-0.3681979918415207
sim_831,-0.2212098521893473
sim_832,-0.2697462177155766
sim_833,-0.2076012075181446
sim_834,-0.42171807194706
sim_835,-0.21089791588049212
sim_836,-0.25844712920405855
sim_837,-0.2070183279571267
sim_838,-0.24887454372883844
sim_839,-0.16052942718383723
sim_840,-0.2366077867388453
sim_841,-0.15555584944553613
sim_842,-0.3122308835693266
sim_843,-0.2675413944221293
sim_844,-0.38961659241426894
sim_845,-0.11611430649246512
sim_846,-0.2666132295709658
sim_847,-0.24605396206078856
sim_848,-0.17573842846779897
sim_849,-0.13613593494282727
sim_850,-0.19575336106411123
sim_851,-0.2916605910475325
sim_852,-0.2578475701209392
sim_853,-0.39363820781875813
sim_854,-0.19660734205318608
sim_855,-0.31747899512648337
sim_856,-0.31148635725017093
sim_857,-0.21283537352431425
sim_858,-0.18506065033518748
sim_859,-0.31328777623295434
sim_860,-0.2066867242506305
sim_861,-0.4184125454560724
sim_862,-0.12877133756284787
sim_863,-0.26114858848932476
sim_864,-0.30525429230866896
sim_865,-0.11534721446231555
sim_866,-0.15256263978522888
sim_867,-0.17220160421986663
sim_868,-0.11111078412511777
sim_869,-0.2554525399870915
sim_870,-0.4024061445940691
sim_871,-0.22378998032422115
sim_872,-0.1465463103044089
sim_873,-0.18609440084103812
sim_874,-0.1277961549846114
sim_875,-0.24906268640637452
sim_876,-0.42468323708568556
sim_877,-0.4235529739656766
sim_878,-0.18906203061321192
sim_879,-0.5246911093705373
sim_880,-0.18041335228940458
sim_881,-0.283529889375143
sim_882,-0.24687716870138288
sim_883,-0.4586451804609658
sim_884,-0.23732033181637946
sim_885,-0.24900495794742794
sim_886,-0.19762216852243197
sim_887,-0.21556372348301844
sim_888,-0.22670670984344277
sim_889,-0.38007657254047145
sim_890,-0.26971150313395564
sim_891,-0.2359085375019998
sim_892,-0.3697982402975152
sim_893,-0.3515787105484255
sim_894,-0.2804656713113226
sim_895,-0.22250232208800025
sim_896,-0.27858954993492924
sim_897,-0.1865880402971557
sim_898,-0.23993380490509397
sim_899,-0.21450352042256093
sim_900,-0.2693822179972709
sim_901,-0.29850378867188987
sim_902,-0.1612018638454613
sim_903,-0.17429295988725324
sim_904,-0.2602126772774983
sim_905,-0.2761162767981361
sim_906,-0.23099472479635075
sim_907,-0.40161008750008964
sim_908,-0.3354610975274349
sim_909,-0.16369523574480616
sim_910,-0.2624650922755938
sim_911,-0.23382453437827344
sim_912,-0.30727734237534676
sim_913,-0.156054599558357
sim_914,-0.27072656896665914
sim_915,-0.23189351033657501
sim_916,-0.2605851483171989
sim_917,-0.13423609330495967
sim_918,-0.22784108090565458
sim_919,-0.26585012655173745
sim_920,-0.15303247889313032
sim_921,-0.24417597536799707
sim_922,-0.37373208294621874
sim_923,-0.21662424939694802
sim_924,-0.1978530379279385
sim_925,-0.26881287871344717
sim_926,-0.2212929435097376
sim_927,-0.23883249106766014
sim_928,-0.1613037668244518
sim_929,-0.18401753553795464
sim_930,-0.21575651848268174
sim_931,-0.3844034381853255
sim_932,-0.126424636913542
sim_933,-0.17295982262137588
sim_934,-0.3744650040784806
sim_935,-0.275676889198341
sim_936,-0.40429055534644354
sim_937,-0.14120883506657733
sim_938,-0.23500760917413022
sim_939,-0.15867184750873442
sim_940,-0.3374798227936515
sim_941,-0.1899647552729845
sim_942,-0.17689502216987474
sim_943,-0.29879168549152735
sim_944,-0.18972600665622974
sim_945,-0.1975715089023713
sim_946,-0.34750489987492916
sim_947,-0.29426936709104357
sim_948,-0.2576290672508954
sim_949,-0.2351707369364311
sim_950,-0.28255433219457204
sim_951,-0.22501977646599047
sim_952,-0.2967421666193506
sim_953,-0.17904019430480744
sim_954,-0.19100455085576262
sim_955,-0.415671911276948
sim_956,-0.15795388268749533
sim_957,-0.21424068005889452
sim_958,-0.2365784883581561
sim_959,-0.3189490821421541
sim_960,-0.234056710191069
sim_961,-0.2637745038420233
sim_962,-0.17029382870483512
sim_963,-0.27008536227184676
sim_964,-0.20855589389562534
sim_965,-0.17093038846913788
sim_966,-0.1803242828130862
sim_967,-0.2505591647635549
sim_968,-0.19218846138171164
sim_969,-0.19325275325844116
sim_970,-0.22490356243058973
sim_971,-0.3478157424878664
sim_972,-0.21094862776854706
sim_973,-0.12641708710128985
sim_974,-0.20191421245454466
sim_975,-0.17186078332788612
sim_976,-0.30058959394764384
sim_977,-0.19235594066836625
sim_978,-0.22439802007145127
sim_979,-0.18444567143971413
sim_980,-0.34765982678522034
sim_981,-0.4731246516979516
sim_982,-0.3981248669880064
sim_983,-0.33238642134748175
sim_984,-0.2525701173833549
sim_985,-0.253000591985424
sim_986,-0.19314000815715893
sim_987,-0.27883442731309194
sim_988,-0.3994634275354162
sim_989,-0.4434655934444597
sim_990,-0.3288949102096972
sim_991,-0.19279216417654788
sim_992,-0.21469937060625455
sim_993,-0.21838094452254175
sim_994,-0.3696933692108664
sim_995,-0.3274374462387467
sim_996,-0.18744300113717616
sim_997,-0.1747683031394156
sim_998,-0.30708188426958405
sim_999,-0.18281471507434766
sim_1000,-0.32628665560244263
